fp_id,pred_idx,score,cx,cy,best_iou,nearest_dist,nearest_inv_idx,nearest_unmatched,bucket
1,5,0.825,572503.9,2844662.72,0.0,9.34,1089,False,gap
2,13,0.802,572591.95,2844787.77,0.0,25.44,1223,False,gap
3,23,0.789,572536.15,2844696.92,0.244,3.16,1070,True,localization
4,41,0.772,572789.05,2845297.12,0.0,54.76,600,True,gap
5,68,0.745,572557.98,2845087.17,0.046,6.37,1158,False,localization
7,106,0.717,573034.4,2845091.54,0.0,67.59,2098,True,gap
8,118,0.71,572767.45,2845280.42,0.0,28.85,584,True,gap
9,146,0.698,572624.9,2845310.72,0.0,9.56,1806,True,gap
10,206,0.67,572790.38,2845258.87,0.0,22.54,608,False,gap
11,210,0.668,572644.98,2844876.04,0.0,14.8,811,False,gap
12,222,0.664,572912.78,2845258.74,0.0,90.47,14,True,gap
13,240,0.657,572520.28,2845349.64,0.004,8.09,344,True,localization
14,243,0.656,572602.68,2844868.92,0.0,19.39,788,True,gap
15,331,0.618,572576.0,2844805.29,0.057,6.66,1223,False,localization
16,371,0.608,572690.93,2845364.09,0.014,7.53,510,True,localization
17,445,0.585,573048.38,2844774.82,0.0,45.97,2154,True,gap
18,454,0.583,572507.8,2844644.92,0.0,19.65,1088,False,gap
20,635,0.536,572641.65,2845233.74,0.0,8.3,1820,True,gap
21,645,0.533,572725.65,2844811.22,0.0,8.05,1376,True,gap
22,647,0.532,572760.9,2845344.84,0.0,66.23,547,False,gap
23,671,0.527,572585.68,2845365.89,0.0,16.44,1481,False,gap
24,728,0.516,573015.8,2845029.14,0.0,33.06,2105,False,gap
25,731,0.515,572799.53,2845136.44,0.0,8.08,670,False,gap
26,771,0.507,572702.55,2845167.52,0.33,2.96,660,True,localization
27,803,0.499,572857.7,2844884.32,0.309,3.47,76,True,localization
28,817,0.497,572711.2,2845139.97,0.284,1.32,1957,True,localization
29,838,0.492,572961.48,2844700.64,0.0,39.29,1281,True,gap
30,875,0.485,572723.1,2844673.99,0.347,2.94,764,True,localization
31,910,0.477,572905.15,2845196.54,0.0,33.28,9,True,gap
32,911,0.477,573076.65,2844977.27,0.0,65.14,2124,False,gap
33,915,0.475,573007.5,2844855.44,0.33,1.85,2165,True,localization
34,921,0.474,573039.53,2844920.84,0.322,3.23,2126,True,localization
35,925,0.474,572702.43,2844699.04,0.165,4.66,768,True,localization
36,930,0.473,572984.88,2844720.67,0.0,39.14,1285,False,gap
37,948,0.468,572685.3,2845042.42,0.0,8.7,1687,False,gap
39,984,0.462,572737.8,2845377.84,0.0,54.62,510,True,gap
40,1001,0.458,572765.83,2844810.22,0.164,4.45,2077,True,localization
41,1072,0.449,572682.63,2845100.24,0.201,4.21,1661,True,localization
42,1105,0.443,572904.35,2845103.94,0.202,4.65,2200,True,localization
43,1133,0.44,572720.15,2844956.32,0.0,12.0,423,False,gap
44,1138,0.439,572485.83,2844714.79,0.0,9.23,1084,False,gap
45,1194,0.432,572728.53,2844640.44,0.0,11.42,1110,False,gap
46,1209,0.43,572496.08,2844874.49,0.336,3.25,1444,True,localization
47,1221,0.428,572679.55,2844927.27,0.355,1.68,419,True,localization
48,1225,0.427,572551.33,2844673.14,0.0,13.4,1090,True,gap
49,1231,0.426,572612.6,2845148.64,0.0,7.88,324,True,gap
50,1242,0.425,572836.18,2845175.74,0.295,1.19,318,True,localization
51,1246,0.425,572961.23,2845114.84,0.198,5.41,2096,True,localization
52,1252,0.424,572909.38,2844738.59,0.032,3.77,1246,False,localization
53,1329,0.415,572515.08,2845062.12,0.044,12.24,1147,True,localization
54,1331,0.414,572695.55,2844883.84,0.225,3.81,1228,True,localization
55,1343,0.412,572815.3,2845160.44,0.253,3.68,663,True,localization
56,1377,0.407,573026.78,2844830.29,0.144,4.92,2163,True,localization
57,1388,0.406,572850.98,2845028.07,0.094,5.51,183,True,localization
58,1392,0.405,572729.98,2844674.97,0.034,7.27,764,True,localization
59,1419,0.402,572565.38,2845013.84,0.0,13.88,1137,False,gap
60,1443,0.4,572916.18,2845237.22,0.0,72.67,14,True,gap
61,1448,0.399,573001.25,2845146.04,0.0,56.01,2096,True,gap
62,1464,0.398,572983.63,2844982.44,0.152,4.78,2108,True,localization
64,1493,0.395,572985.58,2844690.59,0.0,64.06,1281,True,gap
66,1530,0.391,572485.88,2845335.39,0.0,12.41,519,True,gap
67,1538,0.39,572533.68,2844966.42,0.253,3.18,1963,True,localization
68,1573,0.385,572845.83,2844889.49,0.284,3.11,311,True,localization
69,1576,0.385,572686.68,2844759.24,0.158,5.67,1363,True,localization
70,1588,0.383,572510.45,2845386.77,0.0,36.34,315,True,gap
71,1609,0.381,572894.45,2844643.59,0.0,36.16,1313,True,gap
72,1610,0.381,572515.6,2845152.14,0.049,6.8,36,True,localization
73,1619,0.379,572999.3,2845066.52,0.0,28.8,2103,False,gap
74,1622,0.379,572561.8,2844861.29,0.354,2.73,841,True,localization
75,1654,0.376,572510.63,2844920.47,0.337,2.92,850,True,localization
76,1678,0.373,572735.9,2844742.49,0.353,2.65,883,True,localization
77,1706,0.369,572517.13,2845027.49,0.105,5.13,1169,False,localization
78,1723,0.367,572877.7,2844739.04,0.023,6.67,1254,True,localization
79,1741,0.363,572837.88,2844656.62,0.138,4.98,911,True,localization
80,1754,0.36,572831.43,2844817.57,0.339,2.89,1344,True,localization
81,1777,0.358,572881.78,2845289.92,0.0,98.0,1764,True,gap
83,1824,0.352,572826.48,2845271.89,0.0,52.24,1766,True,gap
84,1830,0.351,572705.55,2844862.99,0.166,4.67,1235,True,localization
85,1841,0.35,572695.3,2844926.72,0.373,2.85,420,True,localization
86,1848,0.348,572486.7,2845069.27,0.239,3.64,1116,True,localization
87,1857,0.347,572574.03,2845068.39,0.19,4.92,147,True,localization
88,1902,0.341,572790.53,2844903.92,0.381,2.55,2050,True,localization
89,1908,0.34,572683.95,2844877.27,0.0,10.13,1227,True,gap
90,1943,0.335,572772.9,2844794.04,0.249,3.34,2061,True,localization
91,1959,0.333,573055.2,2845054.64,0.0,78.54,2105,False,gap
92,1961,0.333,572815.43,2844686.04,0.216,4.12,901,True,localization
93,2015,0.325,572502.75,2844895.57,0.176,4.51,848,False,localization
94,2022,0.324,572857.68,2844697.44,0.175,4.5,1328,True,localization
95,2028,0.323,572712.5,2845000.94,0.149,4.98,429,False,localization
96,2078,0.315,572524.65,2844959.39,0.186,4.89,1964,True,localization
97,2101,0.31,572831.38,2844656.44,0.311,3.08,911,True,localization
98,2105,0.31,572737.8,2844854.97,0.297,2.43,2025,True,localization
99,2128,0.306,572648.23,2845376.17,0.0,16.89,1485,False,gap
100,2151,0.302,572965.48,2845175.62,0.0,65.47,2096,True,gap
